

INSERT INTO `products` (`id`, `name`, `type`, `size`, `price`, `description`, `stock`, `created_at`, `updated_at`) VALUES
(3, 'Pendientes Demon Slayer', 'merchandising', NULL, 9.95, 'Pendientes de la denominada serie Demon Slayer.', 5, NULL, NULL),
(4, 'Pocky sabor Fresa', 'comida', NULL, 3.95, 'Caja de pocky sabor a fresa de la reconocida marca japonesa Glico.', 4, NULL, NULL),
(6, 'PokeRamen', 'comida', NULL, 5.95, 'Ramen japonés al estilo Pokémon', 6, NULL, NULL),
(7, 'TokyoTreat Hello Kitty', 'comida', NULL, 4.95, 'Dulce japonés de la marca Tokyotreat en colaboración de Hello Kitty', 15, NULL, NULL),
(8, 'Cafe Latte soluble Sakura', 'comida', NULL, 8.95, 'Cafe latte soluble estilo sakura, sabor fresa', 35, NULL, NULL),
(9, 'Pack Pocky styles', 'comida', NULL, 18.95, 'Pack de 8 pocky styles versiones japonesas. Sabores: menta, eucalipto, fresa, chocolate negro y con leche, arandanos, leche, frutas del bosque', 15, NULL, NULL),
(10, 'Ramen Hello Kitty', 'comida', NULL, 4.95, 'Ramen original de japón, estilo Hello Kitty', 45, NULL, NULL),
(11, 'Bebidas Fresa y Platano mangasou', 'comida', NULL, 6.95, 'Bebida de la marca japonesa mangasou, sabores de fresa y platano', 36, NULL, NULL),
(12, 'Cup Noodle Curry Crab', 'comida', NULL, 4.95, 'Noodles de cangrejo con sabor a curry marca CRAAAAB', 25, NULL, NULL),
(13, 'Sapporo Ichiban noodles', 'comida', NULL, 3.95, 'Noodle japonés marca sapporo ichiban estilo chicken ', 36, NULL, NULL),
(14, 'Ramen Noodles Nissin', 'comida', NULL, 3.95, 'Ramen Noodles Nissin sabor a huevo frito', 48, NULL, NULL),
(15, 'Ramen Japonés estilo Pringles', 'comida', NULL, 4.95, 'Ramen instantáneo de guindilla verde estilo Pringles', 49, NULL, NULL),
(16, 'Noodle Soup Shin Ramyun', 'comida', NULL, 3.95, 'Sopa de noodles de la marca shin ramyun con sabor a cordero', 73, NULL, NULL),
(17, 'Pocky Fresa con Chocolate', 'comida', NULL, 3.95, 'Pocky dulce de sabor a chocolate con fresa', 16, NULL, NULL),
(18, 'Bollito Ichiru con forma de osito', 'comida', NULL, 2.95, 'Bollito Ichiru  con forma de osito, relleno de crema y algodón', 185, NULL, NULL),
(19, 'Galletas Monkey Puzle', 'comida', NULL, 3.95, 'Galletas de chocolate y fresa en forma de piezas de puzle', 34, NULL, NULL),
(20, 'Mochis sabor fresa', 'comida', NULL, 4.95, 'Mochis sabor fresa con azúcar glas (8 unidades/pack)', 29, NULL, NULL),
(21, 'Dulces huevo sabor fresa', 'comida', NULL, 4.95, 'Dulces en forma de huevo con sabor a fresa en su interior', 47, NULL, NULL),
(22, 'Abanico', 'merchandising', NULL, 5.95, 'Abanico para verano estilo japonés', 58, NULL, NULL),
(23, 'Abanico Japonés estilo antiguo', 'merchandising', NULL, 4.95, 'Abanico circular estilo japonés antiguo', 67, NULL, NULL),
(24, 'Pack abanicos japoneses', 'merchandising', NULL, 8.95, 'Pack de dos abanicos japoneses, uno popular y otro circular', 28, NULL, NULL),
(25, 'kimono Hombre Oscuro', 'merchandising', 'Talla única ', 35.95, 'Kimono hombre color oscuro de celebración, talla única (L-M)', 16, NULL, NULL),
(26, 'Kimono Mujer sacerdotisa', 'merchandising', 'Talla única', 46.95, 'Kimono rosa y rojo de talla única (M-S) estilo sacerdotisa.', 9, NULL, NULL),
(27, 'Pendientes Ace y Luffy', 'merchandising', NULL, 7.95, 'Pendientes de los sombreros de Ace y Luffy de One Piece', 49, NULL, NULL),
(28, 'Poste Levi', 'merchandising', '28x40cm', 7.95, 'Poste de Levi de Ataque de Titanes versión  fang-out', 68, NULL, NULL),
(29, 'Poste Heroes My Hero Academia', 'merchandising', '28x40cm', 7.95, 'Poste de los heroes de My Hero Academia versión metalizada', 47, NULL, NULL),
(30, 'Poste Demon Slayer', 'merchandising', '28x40cm', 7.95, 'Poste de los personajes de Demon Slayer versión metalizada.', 58, NULL, NULL),
(31, 'Poster Jujutsu', 'merchandising', '28x40cm', 7.95, 'Poste de Jujutsu Kaisen y sus protagonistas', 47, NULL, NULL),
(32, 'Poster Plus Ultra', 'merchandising', '28x40cm', 7.95, 'Poster del Heroe de heroes Plus Ultra versión Kawai', 82, NULL, NULL),
(33, 'Poster Pokemon', 'merchandising', '28x40cm', 7.95, 'Poster de Pokemon antiguo versión 1era Generación', 48, NULL, NULL),
(34, 'Poster Totoro', 'merchandising', '28x40', 7.95, 'Poster de My Neighbor Totoro del picture book', 68, NULL, NULL),
(35, 'Poster Zenitsu', 'merchandising', '28x40cm', 7.95, 'Poster Zenitsu de la serie de Demon Slayer', 71, NULL, NULL),
(36, 'Taza Naruto', 'merchandising', NULL, 5.95, 'Taza de Hiraya y Minato de la serie de Naruto', 24, NULL, NULL),
(37, 'Taza One Punch Man', 'merchandising', NULL, 5.95, 'Taza con el protagonista  de la serie one punch man estilo starbucks', 34, NULL, NULL),
(38, 'Taza y poster Bakugo', 'merchandising', NULL, 11.95, 'Pack de taza y poster de Bakugo de my Hero Academia', 16, NULL, NULL),
(39, 'Taza y poster de Ban', 'merchandising', NULL, 11.95, 'Pack de taza y poster de Ban de Los seis pecados capitales', 21, NULL, NULL),
(40, 'Taza de Totoro', 'merchandising', NULL, 5.95, 'Taza de la película mi vecino Totoro', 18, NULL, NULL),
(41, 'Yukata Mujer Cosplay', 'merchandising', 'Talla única', 36.95, 'Yukata de mujer de color azul con flores corto, estilo ashura Azul', 16, NULL, NULL),
(42, 'Yukata Mujer Blanco', 'merchandising', 'Talla única', 46.95, 'Yukata mujer color blanco con tonos grisáceos en la parte inferior talla(L-M)', 27, NULL, NULL),
(43, 'Figura de Asuka', 'figura', '18cm', 24.95, 'Figura alta calidad de Asuka de Evangelion', 9, NULL, NULL),
(44, 'Figura de Bakugo', 'figura', '18cm', 24.95, 'Figura alta calidad de bakugo, de My Hero Academia', 8, NULL, NULL),
(45, 'Ligth & Ryuk', 'figura', '32cm', 69.95, 'Figura premium de resina de 32cm, Ryuk y Ligth de Death Note', 7, NULL, NULL),
(46, 'Figura de Enel', 'figura', '48CM', 99.95, 'Figura premium de resina de tontal, 10º series. Enel dios del rayo de One Piece', 10, NULL, NULL),
(47, 'Figura de Eren Jaeger', 'figura', '22cm', 34.95, 'Figura de Eren Jaeger, salida de Paradis, de Attack on Titan', 15, NULL, NULL),
(48, 'Figura de Hinata ', 'figura', '24cm', 35.95, 'Figura de Hinata Kaguya liberación de chakra, de Naruto', 14, NULL, NULL),
(49, 'Figura de Inuyasha', 'figura', '18cm', 19.95, 'Figura del personaje principal de Inuyasha', 25, NULL, NULL),
(50, 'Figura de Levi', 'figura\r\n', '15cm', 19.95, 'Figura de Levi sentado en un sillon, de Attack on Titan', 16, NULL, NULL),
(51, 'Figura de Madara', 'figura', '28cm', 35.95, 'Figura con base ancha de Madara, antagonista de Naruto', 34, NULL, NULL),
(52, 'Figura de Kobayashi-san', 'figura', '18cm', 19.95, 'Figura de la dragona principal de Kobayashi-san Chi no Maid Dragon', 14, NULL, NULL),
(53, 'Figura de Mikasa', 'figura', '18cm', 19.95, 'Figura de Mikasa, una de los personajes principales de Attack on Titans', 14, NULL, NULL),
(54, 'Figura de Muzan', 'figura', '28cm', 69.95, 'Figura premium de resina de calidad alta del antagonista de Demon Slayer, Muzan.', 23, NULL, NULL),
(55, 'Figura de Natsu con Igneel', 'figura', '48cm', 89.95, 'Figura de alta calidad de Natsu y su padre Igneel de Fairy Tail', 17, NULL, NULL),
(56, 'Figura de Natsu y Happy', 'figura', '48cm', 89.95, 'Figura de muy alta calidad de Natsu con Happy con base stand propio, de Fairy Tail', 9, NULL, NULL),
(57, 'Figura de Raphtalia', 'figura', '18cm', 19.95, 'Figura de Raphtalia de El Heroe del Escudo', 7, NULL, NULL),
(58, 'Figura de Sakura', 'figura', '28cm', 59.95, 'Figura de Sakura de Naruto sobre base con un cerezo de sakura', 7, NULL, NULL),
(59, 'Figura Sasuka con Susano', 'figura', '28cm', 49.95, 'Figura de Sasuke de Naruto realizando la técnica del Susano', 9, NULL, NULL),
(60, 'Figura de Chopper', 'figura', '32cm', 119.95, 'Figura de calidad alta con resina premium', 8, NULL, NULL),
(61, 'Figura de Zoro', 'figura', '48cm', 149.95, 'Figura de calidad alta con resina premium, Zoro con ataque triple dragon de One Piece', 8, NULL, NULL),
(62,'Gacha Coins','coins',NULL,15,'Gacha Coins para gastar en juegos gacha de la página',1500000,NULL,NULL);

-- --------------------------------------------------------


INSERT INTO `images` (`id`, `url`, `product_id`, `created_at`, `updated_at`) VALUES
(1, 'img/products/comida/pockyFresa.jpg', 4, NULL, NULL),
(2, 'img/products/comida/pokemonRamen.png', 6, NULL, NULL),
(3, 'img/products/comida/tokyoTreat.jpg', 7, NULL, NULL),
(4, 'img/products/comida/cafeSakura.jpg', 8, NULL, NULL),
(5, 'img/products/comida/packPocky.jpg', 9, NULL, NULL),
(6, 'img/products/comida/ramenHelloKitty.jpg', 10, NULL, NULL),
(7, 'img/products/comida/bebidas.jpg', 11, NULL, NULL),
(8, 'img/products/comida/cupNoodle.png', 12, NULL, NULL),
(9, 'img/products/comida/noodlesSapporo.png', 13, NULL, NULL),
(10, 'img/products/comida/ramenNissin.jpg', 14, NULL, NULL),
(11, 'img/products/comida/ramenPringles.jpg', 15, NULL, NULL),
(12, 'img/products/comida/noodleSoup.jpg', 16, NULL, NULL),
(13, 'img/products/comida/pockyFresaChocolate.jpg', 17, NULL, NULL),
(14, 'img/products/comida/bollitoIchiru.jpg', 18, NULL, NULL),
(15, 'img/products/comida/galletasPuzle.jpg', 19, NULL, NULL),
(16, 'img/products/comida/mochisFresa.jpg', 20, NULL, NULL),
(17, 'img/products/comida/dulcesHuevo.jpg', 21, NULL, NULL),
(18, 'img/products/merchandising/abanico.jpg', 22, NULL, NULL),
(19, 'img/products/merchandising/AbanicoOriental.jpg', 23, NULL, NULL),
(20, 'img/products/merchandising/AbanicoOrientalDoble.jpg', 24, NULL, NULL),
(21, 'img/products/merchandising/kimonoHombre.jpg', 25, NULL, NULL),
(22, 'img/products/merchandising/kimonoMujer.jpg', 26, NULL, NULL),
(23, 'img/products/merchandising/pendientesAceOnePiece.jpg', 27, NULL, NULL),
(24, 'img/products/merchandising/pendientesDemonSlayer.png', 3, NULL, NULL),
(25, 'img/products/merchandising/posteLevi.jpg', 28, NULL, NULL),
(26, 'img/products/merchandising/PosteMyHeroAcademia.jpg', 29, NULL, NULL),
(27, 'img/products/merchandising/PosterDemonSlayer.png', 30, NULL, NULL),
(28, 'img/products/merchandising/PosterJujutsu.jpg', 31, NULL, NULL),
(29, 'img/products/merchandising/posterPlusUltra.png', 32, NULL, NULL),
(30, 'img/products/merchandising/PosterPokemon.jpg', 33, NULL, NULL),
(31, 'img/products/merchandising/PosterTotoro.jpg', 34, NULL, NULL),
(32, 'img/products/merchandising/PosterZenitsu.jpg', 35, NULL, NULL),
(33, 'img/products/merchandising/tazaNaruto.jpg', 36, NULL, NULL),
(34, 'img/products/merchandising/tazaOnePunchMan.png', 37, NULL, NULL),
(35, 'img/products/merchandising/tazaPosterBakugo.jpg', 38, NULL, NULL),
(36, 'img/products/merchandising/TazaPosterBan.jpg', 39, NULL, NULL),
(37, 'img/products/merchandising/tazaTotoro.png', 40, NULL, NULL),
(38, 'img/products/merchandising/yukataMujer.jpg', 41, NULL, NULL),
(39, 'img/products/merchandising/yukataMujerBlanco.jpg', 42, NULL, NULL),
(40, 'img/products/figuras/asuka.jpg', 43, NULL, NULL),
(41, 'img/products/figuras/bakugo.png', 44, NULL, NULL),
(42, 'img/products/figuras/deathNoteLightRyuk.jpg', 45, NULL, NULL),
(43, 'img/products/figuras/enelOnePiece.jpg', 46, NULL, NULL),
(44, 'img/products/figuras/eren.jpg', 47, NULL, NULL),
(45, 'img/products/figuras/HinataKaguya.jpg', 48, NULL, NULL),
(46, 'img/products/figuras/Inuyasha.jpg', 49, NULL, NULL),
(47, 'img/products/figuras/levi.png', 50, NULL, NULL),
(48, 'img/products/figuras/madara.jpg', 51, NULL, NULL),
(49, 'img/products/figuras/maidDragon.jpg', 52, NULL, NULL),
(50, 'img/products/figuras/mikasa.jpg', 53, NULL, NULL),
(51, 'img/products/figuras/muzan.jpg', 54, NULL, NULL),
(52, 'img/products/figuras/natsuDragon.png', 55, NULL, NULL),
(53, 'img/products/figuras/natsuFairy.jpg', 56, NULL, NULL),
(54, 'img/products/figuras/raphtalia.jpg', 57, NULL, NULL),
(55, 'img/products/figuras/sakura.jpg', 58, NULL, NULL),
(56, 'img/products/figuras/sasuke.jpg', 59, NULL, NULL),
(57, 'img/products/figuras/TonyChopper.jpg', 60, NULL, NULL),
(58, 'img/products/figuras/zoroOnePiece.webp', 61, NULL, NULL),
(59, 'img/gachapon/gachaCoin.png',62, NULL, NULL);


INSERT INTO `users` (`id`, `dni`, `name`, `surname`, `surname2`, `phone`, `user_name`, `email`, `email_verified_at`, `password`, `date_birth`, `profile_photo`, `is_admin`, `remember_token`, `created_at`, `updated_at`) VALUES
(1, '78218945Z', 'Jorge', 'Román', 'Calero', 693425165, 'jorge', 'jromancalero@gmail.com', NULL, '$2y$10$g6FU214/cktSNUr13WtMbut/HvOs8C7/CcyAf36g4v/zvxo35Ku7C', '2000-07-12', NULL, 0, NULL, '2022-05-13 14:34:48', '2022-05-22 15:42:41'),
(2, '75896458Y', 'admin', 'admin', 'admin', 5648646, 'admin', 'admin@gmail.com', NULL, '$2y$10$8XeVyjDqG9gN96uh.wGTV.h9MTej2Q7L6UH5O5.FEOjft1dHA3JAC', NULL, NULL, 1, NULL, '2022-05-18 11:47:59', '2022-05-18 11:47:59');
